scenario_id,success,out_of_road
0,0.963560258351828,0.9678763347252489
1,0.9663790127711362,0.878851753387894
2,0.9547191943730787,0.671832032642367
3,0.9525913301740999,0.9551443866965332
4,0.9598341522694512,0.9522219804973389
5,0.9557101204010946,0.9557101204010946
6,0.9552977537973713,0.9560108474531642
7,0.9783559148292655,0.9687337437194912
8,0.9592447361317576,-0.00023757977272827543
9,0.9627434230845707,0.43749202889296707
10,0.9689256689121557,0.9689256689121557
11,0.95264691723166,0.95264691723166
12,0.9197687471690702,0.9197687471690702
13,0.9563680081746341,0.9588975158228644
14,0.9671134641305262,0.9706323557071299
15,0.7061780774604138,0.7884354361596948
16,0.9519665352285581,0.9500844671298821
17,0.9659266788092682,0.9511871836563888
18,0.9639182295851335,0.9639182295851335
19,0.9576405673711321,0.9679749649791355
20,0.963998409805573,0.9755360934121281
21,0.9789237154506338,0.9719974943674526
22,0.9543289415109704,0.9583175306554381
23,0.9647089563996514,0.9567560435743537
24,0.9526658703583195,0.9519023859902618
25,0.9702698939971316,0.9653209957043581
26,0.9552692249970797,0.9552692249970797
27,0.954175629763871,0.9609638339225005
28,0.9524762970612514,0.9526494108695278
29,0.9523903774597816,0.9503269755965217
30,0.9512116174327624,0.9500345262351421
31,0.9786509749699956,0.9696139874456466
32,0.3853559661006005,0.3853559661006005
33,0.7769827567759099,0.4569869264652507
34,0.9508371324276362,0.9560127367745701
35,0.9616619031924932,0.8146622927604011
36,0.9573865927082916,0.9573865927082916
37,0.9599802713075215,0.9599802713075215
38,0.9704255752753893,0.9704255752753893
39,0.9512359492217793,0.9516823545331333
40,0.9627744139144983,0.2959451694167398
41,0.950253299000034,0.9575172113316859
42,0.9585441320192435,0.9578450684536814
43,0.9576569428190719,0.8859882438171996
44,0.9564266361364437,0.9564266361364437
45,0.9576613160244309,0.6352616690789404
46,0.9548978388986837,0.9548978388986837
47,0.9788198801216003,0.978817258534479
48,0.957913883476377,0.8944777139173171
49,0.9539942903032756,0.9702118740320419
50,0.9522709320477324,0.9531705605269716
51,0.9507739800565561,0.9518059952648098
52,0.9544750300325286,0.9839801615267848
53,0.7977848952130543,0.7977848952130543
54,0.9895969004976523,0.9810680906916703
55,0.9663304061251679,0.966322183172603
56,0.9588435803218415,0.9690558767147919
57,0.9593993793394855,0.19709846426104838
58,0.9702529193952678,0.9615624936883038
59,0.9807616973287782,0.24742034809350863
60,0.9538710492362712,0.9501678532280855
61,0.9553682083874646,0.9565427765886886
62,0.9504655747268912,0.9504885688998129
63,0.9539321002835821,0.9539321002835821
64,0.9634941102654424,0.9728294385336091
65,0.9587154993557233,0.9645272151767467
66,0.9599854504779541,0.9506531793847444
67,0.9513112786393951,0.6842205625362838
68,0.9621816879277997,0.9500594005203293
69,0.9519275593592166,0.9578145855580807
70,0.9566372308598957,0.9525680132124279
71,0.9523145850970895,0.7605631159824409
72,0.9607962007156478,0.9603278654059182
73,0.9602734256189897,0.959572758226865
74,0.957950214607426,0.5316250876889298
75,0.9596597662743052,0.7835240057693038
76,0.9524092102932737,0.9553181219292676
77,0.9628785032668579,0.6577839595814708
78,-1.0,-1.0
79,0.9546194413208436,0.9546194413208436
80,0.9656559776383111,0.5721386062850005
81,0.8032804095890627,0.5214149600544293
82,0.9596916276703614,0.9601107956610622
83,0.9557875637377421,0.9509409895030917
84,0.9628122248763947,0.6445898494731488
85,0.9693472689363787,0.9693472689363787
86,0.6021132278236216,0.9571872082845243
87,0.9512751464129297,0.8018424355162169
88,0.9502246390866086,0.9502265324022182
89,0.9708791920805856,0.4619820010071342
90,0.9516373414079762,0.8007833156928976
91,0.9593117540442746,0.7259124213588295
92,0.9515228033633749,0.9651681498501528
93,0.9614271899965506,0.9614271899965506
94,0.9539082198390996,0.7320023156341751
95,0.9655500209982943,0.37922785059815406
96,0.956547104427859,0.9576619480937901
97,0.957476019681324,0.9551057790417152
98,0.9512476048998678,0.9502017392808916
99,0.9529471485537917,0.9609223707099463
100,0.9728935850149758,0.5971421396107679
101,0.9521251289467536,0.9578867183590031
102,0.9593429049159863,0.9565080409646827
103,0.9510298767146461,0.9627329432465671
104,0.6637187685123861,0.6561595261306454
105,0.9659028594797681,0.9659028594797681
106,0.9526809605214788,0.9540278402182687
107,0.9633439853354354,0.9633439853354354
108,0.965501376834753,0.9505471811266578
109,0.9677223764023176,0.9550027556650093
110,0.9571834568615344,0.6276811215850585
111,0.9619687745548292,0.5120083375901897
112,0.9565229860941656,0.4968853349108273
113,0.9531880859390023,0.9388843370662366
114,0.9727375318182528,0.9708975038208131
115,0.4469861824749752,0.4469861824749752
116,0.9600121173881412,0.9600175890528564
117,0.7764605201152077,0.6829796505348407
118,0.9575729759664585,0.6211234016484057
119,0.9508693758354719,0.8186006591380611
120,0.9847749754901162,0.9844348611150252
121,0.9681212904913619,0.96480052560373
122,0.9513839822060244,0.7727791444637397
123,0.951053139050326,0.9509616880148847
124,0.9503568275034079,0.9557731612310036
125,0.9527408682632488,0.6656451358887929
126,0.9623278542248479,0.9623278542248479
127,0.9635394490702102,0.9635394490702102
128,0.9563143661282564,0.9588144116848689
129,0.9542306687006676,0.3713420973173151
130,-1.0,-1.0
131,0.9565468271503336,0.9500335409769263
132,0.9549301291669511,0.9529615350719793
133,0.9667137867234861,0.9729096670501493
134,0.960294770184681,0.9590340794817742
135,0.3890908074054811,0.389012337351655
136,0.9636186784669746,0.9676610378645553
137,0.9566421296117795,0.9566421296117795
138,0.9611732729035404,0.6793637375370044
139,0.9512246769509637,0.9512246769509637
140,0.956099457524093,0.9560973245756386
141,0.9508405396918344,0.9321168483236109
142,0.9556034125204343,0.9556168172259529
143,0.9564399100725177,0.9619975861591731
144,0.9659117563136668,0.9500603828727611
145,0.9658682003939364,0.951827415003806
146,0.9702591006195743,0.8537392750847113
147,0.9575328227566376,0.6838396247388792
148,0.9558474042596298,0.8445964244921785
149,0.9565104387010007,0.8605316355677471
150,0.9585413222686974,0.9585413222686974
151,0.9837343987216123,0.9751510151920779
152,0.9564044995889637,0.9507784809533601
153,0.9573647640759676,0.22284206826471806
154,0.9774349846099187,0.9774392711420992
155,0.9660100462356576,0.9660062072063182
156,0.9545334122975966,0.6857463883052188
157,0.9679206409134867,0.966277703683214
158,0.9772364054585911,0.9772364054585911
159,0.9511711955896559,0.9511711955896559
160,0.9582550753892203,0.9521704599634039
161,0.9541152306229532,0.6131643204943281
162,0.9526603200582902,0.9526603200582902
163,0.9763717240734527,0.9733227115562131
164,0.9550411664666365,0.6451960911983607
165,0.9519134924067087,0.9501365411761169
166,0.9538822673022406,0.45211886139534024
167,0.9616368457046776,0.8521467864859221
168,-1.0,-1.0
169,0.9505077853902355,0.9505077853902355
170,0.9559775362108044,0.9560167373472218
171,0.9961349619570053,0.9961349619570053
172,0.9569187830750265,0.9569187830750265
173,0.9704509317113676,0.9704509317113676
174,0.9538405517231014,0.9538653116299923
175,0.9607797993138164,0.9638557628249192
176,0.9511819081305048,0.7813716645377015
177,0.9503796526912556,0.9503428917225063
178,0.9531347762146006,0.6914211364514131
179,0.008066955770459197,0.008066955770459197
180,0.952075887143529,0.952075887143529
181,0.9508696514511733,0.5242120155677119
182,0.9509871970464312,0.9704225965960264
183,0.9513525463503091,0.9556956545498289
184,0.9536660180784128,0.9585541586493942
185,0.9584885644415905,0.9584885610183164
186,0.9513835926761188,0.0003592541606730112
187,0.9661979169464957,0.9671710403946004
188,0.9829407282807316,0.9654630335642996
189,0.9518466159012084,0.9609210218347221
190,0.9540085153278514,0.9481045928126598
191,0.7486578790901743,0.9517758924404701
192,0.9592381105106791,0.9573444573665939
193,0.9695449328510571,0.9594263884724973
194,0.980512123252714,0.980512123252714
195,0.9507128206555496,0.9659358246991453
196,0.9545315498422119,0.8879898334999415
197,0.964605657830228,0.980906444833533
198,0.9552613888461949,0.6730264487042192
199,0.9564568933742913,0.956445971495816
200,0.9521565199854379,0.9521560899479727
201,0.9594681737543718,0.9382748500392731
202,0.9601878243102568,0.9601878243102568
203,0.9590515599427054,0.9590515599427054
204,0.9544168294001656,0.9568423194538227
205,0.9528123690286205,0.9528123690286205
206,0.952005664818675,0.9574951443678035
207,0.9675393372813991,0.9649616382638385
208,0.9633230313687646,0.8871577323294096
209,0.9583286409760897,0.9583286409760897
210,0.9574394749940622,0.8616884119736107
211,0.9561163649071964,0.9561163649071964
212,0.959990446499073,0.9654689291115546
213,0.9613837915483899,0.9585342502980834
214,0.3828296018288753,0.3828345184744691
215,0.9551813112909587,0.9612265862969486
216,0.9560436238813185,0.9630106963326982
217,0.9649453824706179,0.9649477277090315
218,0.9624900104783085,0.9589424766105019
219,0.954082958432854,0.9054220201679137
220,0.9507716616095172,0.9590004799900596
221,0.9534306385078103,0.9712629616280591
222,0.9517189801747407,0.9517189801747407
223,0.9534208050647297,0.9563473947448318
224,0.9509433614111975,0.9509433614111975
225,0.9506015950132457,0.9587387308846288
226,0.9645352279184898,0.9610601409258438
227,0.9519662692881232,0.9532537576246806
228,0.9553130350135243,0.9305309682273406
229,0.9803546133796367,0.9803546133796367
230,0.9502034920096029,0.9509492996384756
231,0.9505386661990688,0.8460199007859319
232,0.9584966838208626,0.8950593160151034
233,0.9587209540043573,0.9587209540043573
234,0.9557748452521199,0.9557667513803945
235,0.960637172489226,0.9617218697317046
236,0.9543755631646135,0.9250485005467433
237,0.9539454085396067,0.9539095365229806
238,0.5847538761769979,0.8968969848499921
239,0.9571386466550497,0.951276313784882
240,0.9667870227310629,0.963071084960274
241,0.9865877434220702,0.9502589464306985
242,0.8000915520439544,0.8000915520439544
243,0.9553298207463017,0.9581490368660062
244,0.9821434628946714,0.9744005666444439
245,0.9572158130095961,0.9543531753204987
246,0.9666957149349026,0.9659648452472362
247,0.9526321488803332,0.6694698871820122
248,0.9660685000537627,0.9683338289511448
249,0.9639499515578197,0.7739432684691548
250,0.9577619950553958,0.9577619950553958
251,0.9561003117450149,0.9525448392518494
252,0.967036080538932,0.7138265158575534
253,0.9815890475535789,0.9858169294214367
254,0.9543983460850721,0.5280625951120613
255,0.9675933633553526,0.9675933633553526
256,0.9636885817909863,0.9513555176928841
257,0.9654415807038472,0.9629592672341066
258,0.9559632173316095,0.9559632173316095
259,0.9510807699800382,0.954728221744958
260,0.9693489329875061,0.9360978140688748
261,0.9725509339417036,0.968033201387687
262,0.9504127921996562,0.9504127921996562
263,0.9568263389583946,0.9568254723106474
264,0.5799294653555597,0.5724863601972275
265,0.9541458052826033,0.9258011185695667
266,0.9554967481714826,0.7690618033734642
267,0.951739094865087,0.9600706424183248
268,0.9611688031309157,-0.0011510805363536512
269,0.9531764465210134,0.5310469850379397
270,0.9620043413448585,0.9620034994309851
271,0.9519095950032453,0.9519105655381147
272,0.9544757121349626,0.6169224321835695
273,0.9624690065093882,0.9624679367591532
274,0.96010082960855,0.9746058995802819
275,0.9595046657719676,0.5312045607438353
276,0.9510931916764461,0.9682824133761659
277,0.9587016515885292,0.9587016515885292
278,0.33348712071672915,0.2942997736300299
279,0.9529164886608552,0.9627995521631044
280,0.9541613547387937,0.9569763508116812
281,0.9657260771859848,0.9677681587067676
282,0.9580103628143721,0.9585739858669741
283,0.9730345942303275,0.9730345942303275
284,0.9753325405702921,0.9753325405702921
285,0.9599640155018867,0.9528114941874688
286,0.9613344228024815,0.9507072725375956
287,0.9824560320864956,0.9587676972055603
288,0.9530100689057089,0.9630336470228754
289,0.9531377260720231,0.49247320706194037
290,0.9567925004811347,0.9504726519967838
291,0.958828762079326,0.9588268939648219
292,0.9787681104249812,0.9787680038220951
293,0.9507133713624156,0.9507133713624156
294,0.9581578150815369,0.9581585254950882
295,0.9544563993901788,0.9544562964491514
296,0.9579374982213162,0.9655864134551557
297,0.9552019642929435,0.9551915731152281
298,0.9744059668498786,0.9744059668498786
299,0.9569208844778258,0.9521960021983733
300,0.9543693628711644,0.2634628162739831
301,0.9536370263726976,0.28010811582049516
302,0.955107588001857,0.9551030038355298
303,0.9678553321570077,0.974405984928446
304,0.7935646790350543,0.8038343196094314
305,0.9684349220807171,0.9564439279835695
306,0.9554852226927207,0.9558535821051388
307,0.9652724363452245,0.9605027294829727
308,0.9511991020113455,0.9039027192995194
309,0.956936992698851,0.9569088414995309
310,0.9617630074892638,0.964644115479816
311,0.968725337190898,0.968725337190898
312,0.9501630867460266,0.6050021815251756
313,0.9606848837672274,0.9593607779003732
314,0.9616933647893935,0.9616933647893935
315,0.9668297272927082,0.9568703246604198
316,0.9553463967405961,0.9549930936181483
317,0.990258227341967,0.990258227341967
318,0.9504851496091926,0.9536767784852254
319,0.957568398930241,0.954444217242953
320,0.9550107325376269,0.9541128909019045
321,0.9525931506119981,0.9503170703024442
322,0.9717112245080863,0.9809277582732178
323,0.9529955608398365,0.9584139035780743
324,0.9524294465607561,0.9524294465607561
325,0.9852377058867462,0.9599065145696165
326,0.955871068827346,0.6625557555240329
327,0.9523389672518677,0.9607200888410836
328,0.965852616932108,0.965852616932108
329,0.9580986530774088,0.9526586220017335
330,0.981442500160311,0.9730028692683532
331,0.9613398432040495,0.9613398432040495
332,0.9510723891353494,0.9510497332642563
333,0.9528192309877285,0.9520178138944274
334,0.9500393191429669,0.6314374438428741
335,0.9871709259461243,0.09172210728585847
336,0.9504358256143974,0.747249971556687
337,0.9501505419687701,0.9501505419687701
338,0.9888892377075891,0.9888892377075891
339,0.9696831875312325,0.9696831875312325
340,0.9657447809465953,0.5260964625728946
341,0.4687218557963112,0.05044889746454371
342,0.9557644107066958,0.9557844322392165
343,0.9559632409509061,0.9559632409509061
344,0.955038239746804,0.9622621293232014
345,0.9777403599179171,0.9777403599179171
346,0.9542766858672849,0.9553549415673895
347,0.9503296513692908,0.9624962108091024
348,0.9534614181998066,0.9600017615515448
349,0.9501988691457727,0.9540489509559223
350,0.9507144763373164,0.9547157860030044
351,0.9669104402482249,0.9570245320989734
352,0.9650097536975242,0.9649881214410326
353,0.9506814316796454,0.958922031997837
354,0.9726426347360395,0.40499887924743955
355,0.9826082429236417,0.9826082429236417
356,0.9540136944654346,0.697127712124575
357,0.9563773759350606,0.7282546362282092
358,0.9565785226857909,0.9585185052790502
359,0.9582657238773215,0.9505093324915768
360,0.9529989293336597,0.8988058849055094
361,0.9657532072397468,0.9689168781524394
362,0.9584346672910214,0.9584346672910214
363,0.9633175753961559,0.9633175753961559
364,0.9517800337200066,0.9517800337200066
365,0.9767375220360756,0.9767375130022495
366,-1.0,-1.0
367,0.970968784780053,0.970968784780053
368,0.9675712536990081,0.9606918862757841
369,0.9516070448325648,0.9516070448325648
370,0.9567370666807941,0.781607340899445
371,0.9559350214909774,0.6555344582508966
372,0.9598261103370994,0.9598200314150925
373,0.973154073219779,0.9697052587189714
374,0.5815844608019881,0.9606482352249439
375,0.9686350135447844,0.9683445652090814
376,0.9564566706056365,0.9564566706056365
377,0.9529672466172491,0.8653791725008447
378,0.9747057038976121,0.9549293254196531
379,0.953389372394756,0.9502917450098515
380,0.9536313198625473,0.9551956635148465
381,0.9565725368360919,0.9514966601019148
382,0.9507928578080543,0.9656973971160915
383,0.9560552503264105,0.9560552503264105
384,0.9663390496297836,0.9918945369212088
385,0.9538768270359879,0.9538768270359879
386,0.9516248585720841,0.4270267669734858
387,0.957935714759352,0.9821348855841101
388,0.9513262609946517,0.7311776931416938
389,0.9585526674423869,0.9517334661331545
390,0.9598114216604265,0.9598114216604265
391,0.955358068595813,0.44676018077678914
392,0.9539417020457842,0.9624192017316611
393,0.9548740975766395,0.9548740975766395
394,0.956084432227252,0.956084432227252
395,0.985988717948963,0.985986243414979
396,0.9566823039191645,0.9503972918535312
397,0.9512864699915045,0.956602267293938
398,0.9691760823357484,0.9691760823357484
399,0.9525790680556881,0.9525790680556881
